{"statusCode":200,"body":"{\"ip\":\"1.1.1.1\",\"info\":{\"continent\":{\"code\":\"OC\",\"geonameId\":6255151,\"names\":{\"de\":\"Ozeanien\",\"en\":\"Oceania\",\"es\":\"Oceanía\",\"fr\":\"Océanie\",\"ja\":\"オセアニア\",\"pt-BR\":\"Oceania\",\"ru\":\"Океания\",\"zh-CN\":\"大洋洲\"}},\"country\":{\"geonameId\":2077456,\"isoCode\":\"AU\",\"names\":{\"de\":\"Australien\",\"en\":\"Australia\",\"es\":\"Australia\",\"fr\":\"Australie\",\"ja\":\"オーストラリア\",\"pt-BR\":\"Austrália\",\"ru\":\"Австралия\",\"zh-CN\":\"澳大利亚\"}},\"maxmind\":{},\"registeredCountry\":{\"geonameId\":2077456,\"isoCode\":\"AU\",\"names\":{\"de\":\"Australien\",\"en\":\"Australia\",\"es\":\"Australia\",\"fr\":\"Australie\",\"ja\":\"オーストラリア\",\"pt-BR\":\"Austrália\",\"ru\":\"Австралия\",\"zh-CN\":\"澳大利亚\"},\"isInEuropeanUnion\":false},\"representedCountry\":{},\"traits\":{\"ipAddress\":\"1.1.1.1\",\"isAnonymous\":false,\"isAnonymousProxy\":false,\"isAnonymousVpn\":false,\"isHostingProvider\":false,\"isLegitimateProxy\":false,\"isPublicProxy\":false,\"isSatelliteProvider\":false,\"isTorExitNode\":false},\"city\":{},\"location\":{\"accuracyRadius\":1000,\"latitude\":-33.494,\"longitude\":143.2104,\"timeZone\":\"Australia/Sydney\"},\"postal\":{},\"subdivisions\":[]}}"}